/* ===== SUPPLIER (50) ===== */
INSERT INTO supplier (SupplierID,SupplierName,ContactName,Email,Phone,Address,City,State,ZipCode) VALUES (1, 'Prima Art Co.', 'Taylor Lee', 'primaartco@example.com', '202-555-1001', '101 Supply Way', 'Newark', 'NJ', '20001');
INSERT INTO supplier (SupplierID,SupplierName,ContactName,Email,Phone,Address,City,State,ZipCode) VALUES (2, 'CanvasWorks Ltd.', 'Avery Wilson', 'canvasworksltd@example.com', '202-555-1002', '102 Supply Way', 'Arlington', 'VA', '20002');
INSERT INTO supplier (SupplierID,SupplierName,ContactName,Email,Phone,Address,City,State,ZipCode) VALUES (3, 'ColorNest Distributors', 'Taylor Adams', 'colornestdistributors@example.com', '202-555-1003', '103 Supply Way', 'Baltimore', 'MD', '20003');
INSERT INTO supplier (SupplierID,SupplierName,ContactName,Email,Phone,Address,City,State,ZipCode) VALUES (4, 'Easel & Table Inc.', 'Peyton Sanchez', 'easelandtableinc@example.com', '202-555-1004', '104 Supply Way', 'Washington', 'DC', '20004');
INSERT INTO supplier (SupplierID,SupplierName,ContactName,Email,Phone,Address,City,State,ZipCode) VALUES (5, 'PaperPlanet', 'Alex Patel', 'paperplanet@example.com', '202-555-1005', '105 Supply Way', 'Philadelphia', 'PA', '20005');
INSERT INTO supplier (SupplierID,SupplierName,ContactName,Email,Phone,Address,City,State,ZipCode) VALUES (6, 'HobbyCore Wholesale', 'Avery Price', 'hobbycorewholesale@example.com', '202-555-1006', '106 Supply Way', 'Raleigh', 'NC', '20006');
INSERT INTO supplier (SupplierID,SupplierName,ContactName,Email,Phone,Address,City,State,ZipCode) VALUES (7, 'StudioSource Supply', 'Alex Adams', 'studiosourcesupply@example.com', '202-555-1007', '107 Supply Way', 'Philadelphia', 'PA', '20007');
INSERT INTO supplier (SupplierID,SupplierName,ContactName,Email,Phone,Address,City,State,ZipCode) VALUES (8, 'Palette Pro Inc.', 'Logan Sanchez', 'paletteproinc@example.com', '202-555-1008', '108 Supply Way', 'Philadelphia', 'PA', '20008');
INSERT INTO supplier (SupplierID,SupplierName,ContactName,Email,Phone,Address,City,State,ZipCode) VALUES (9, 'CraftSphere', 'Emerson Bell', 'craftsphere@example.com', '202-555-1009', '109 Supply Way', 'Newark', 'NJ', '20009');
INSERT INTO supplier (SupplierID,SupplierName,ContactName,Email,Phone,Address,City,State,ZipCode) VALUES (10, 'Artisan Depot', 'Alex Brown', 'artisandepot@example.com', '202-555-1010', '110 Supply Way', 'Boston', 'MA', '20010');
INSERT INTO supplier (SupplierID,SupplierName,ContactName,Email,Phone,Address,City,State,ZipCode) VALUES (11, 'BrushBarn', 'Harper Martin', 'brushbarn@example.com', '202-555-1011', '111 Supply Way', 'Arlington', 'VA', '20011');
INSERT INTO supplier (SupplierID,SupplierName,ContactName,Email,Phone,Address,City,State,ZipCode) VALUES (12, 'PaintPort', 'Jamie Turner', 'paintport@example.com', '202-555-1012', '112 Supply Way', 'Baltimore', 'MD', '20012');
INSERT INTO supplier (SupplierID,SupplierName,ContactName,Email,Phone,Address,City,State,ZipCode) VALUES (13, 'CanvasCentral', 'Jordan Rivera', 'canvascentral@example.com', '202-555-1013', '113 Supply Way', 'Baltimore', 'MD', '20013');
INSERT INTO supplier (SupplierID,SupplierName,ContactName,Email,Phone,Address,City,State,ZipCode) VALUES (14, 'Muse Materials', 'Skyler Bennett', 'musematerials@example.com', '202-555-1014', '114 Supply Way', 'Raleigh', 'NC', '20014');
INSERT INTO supplier (SupplierID,SupplierName,ContactName,Email,Phone,Address,City,State,ZipCode) VALUES (15, 'Pigment Partners', 'Riley Garcia', 'pigmentpartners@example.com', '202-555-1015', '115 Supply Way', 'Hartford', 'CT', '20015');
INSERT INTO supplier (SupplierID,SupplierName,ContactName,Email,Phone,Address,City,State,ZipCode) VALUES (16, 'FineLine Supply', 'Logan Nguyen', 'finelinesupply@example.com', '202-555-1016', '116 Supply Way', 'Boston', 'MA', '20016');
INSERT INTO supplier (SupplierID,SupplierName,ContactName,Email,Phone,Address,City,State,ZipCode) VALUES (17, 'ArtAxis', 'Jordan Adams', 'artaxis@example.com', '202-555-1017', '117 Supply Way', 'Newark', 'NJ', '20017');
INSERT INTO supplier (SupplierID,SupplierName,ContactName,Email,Phone,Address,City,State,ZipCode) VALUES (18, 'BluePalette', 'Rowan Bennett', 'bluepalette@example.com', '202-555-1018', '118 Supply Way', 'Raleigh', 'NC', '20018');
INSERT INTO supplier (SupplierID,SupplierName,ContactName,Email,Phone,Address,City,State,ZipCode) VALUES (19, 'Creative Cargo', 'Jamie Patel', 'creativecargo@example.com', '202-555-1019', '119 Supply Way', 'Washington', 'DC', '20019');
INSERT INTO supplier (SupplierID,SupplierName,ContactName,Email,Phone,Address,City,State,ZipCode) VALUES (20, 'Gallery Goods', 'Avery Clark', 'gallerygoods@example.com', '202-555-1020', '120 Supply Way', 'Baltimore', 'MD', '20020');
INSERT INTO supplier (SupplierID,SupplierName,ContactName,Email,Phone,Address,City,State,ZipCode) VALUES (21, 'NorthEast Arts', 'Avery Nguyen', 'northeastarts@example.com', '202-555-1021', '121 Supply Way', 'Boston', 'MA', '20021');
INSERT INTO supplier (SupplierID,SupplierName,ContactName,Email,Phone,Address,City,State,ZipCode) VALUES (22, 'Metro Art Supply', 'Riley Wright', 'metroartsupply@example.com', '202-555-1022', '122 Supply Way', 'New York', 'NY', '20022');
INSERT INTO supplier (SupplierID,SupplierName,ContactName,Email,Phone,Address,City,State,ZipCode) VALUES (23, 'Tri-State Creative', 'Casey Bennett', 'tri-statecreative@example.com', '202-555-1023', '123 Supply Way', 'New York', 'NY', '20023');
INSERT INTO supplier (SupplierID,SupplierName,ContactName,Email,Phone,Address,City,State,ZipCode) VALUES (24, 'StudioStack', 'Jamie Martin', 'studiostack@example.com', '202-555-1024', '124 Supply Way', 'Baltimore', 'MD', '20024');
INSERT INTO supplier (SupplierID,SupplierName,ContactName,Email,Phone,Address,City,State,ZipCode) VALUES (25, 'Ink & Paper', 'Rowan Brown', 'inkandpaper@example.com', '202-555-1025', '125 Supply Way', 'Wilmington', 'DE', '20025');
INSERT INTO supplier (SupplierID,SupplierName,ContactName,Email,Phone,Address,City,State,ZipCode) VALUES (26, 'Spectrum Wholesale', 'Avery Brown', 'spectrumwholesale@example.com', '202-555-1026', '126 Supply Way', 'Hartford', 'CT', '20026');
INSERT INTO supplier (SupplierID,SupplierName,ContactName,Email,Phone,Address,City,State,ZipCode) VALUES (27, 'Color Cartel', 'Quinn Martin', 'colorcartel@example.com', '202-555-1027', '127 Supply Way', 'Wilmington', 'DE', '20027');
INSERT INTO supplier (SupplierID,SupplierName,ContactName,Email,Phone,Address,City,State,ZipCode) VALUES (28, 'Art Harbor', 'Avery Turner', 'artharbor@example.com', '202-555-1028', '128 Supply Way', 'Washington', 'DC', '20028');
INSERT INTO supplier (SupplierID,SupplierName,ContactName,Email,Phone,Address,City,State,ZipCode) VALUES (29, 'Craft Cart', 'Avery Garcia', 'craftcart@example.com', '202-555-1029', '129 Supply Way', 'New York', 'NY', '20029');
INSERT INTO supplier (SupplierID,SupplierName,ContactName,Email,Phone,Address,City,State,ZipCode) VALUES (30, 'ProStudio Supply', 'Quinn Martin', 'prostudiosupply@example.com', '202-555-1030', '130 Supply Way', 'Baltimore', 'MD', '20030');
INSERT INTO supplier (SupplierID,SupplierName,ContactName,Email,Phone,Address,City,State,ZipCode) VALUES (31, 'Nova Arts', 'Jamie Bell', 'novaarts@example.com', '202-555-1031', '131 Supply Way', 'New York', 'NY', '20031');
INSERT INTO supplier (SupplierID,SupplierName,ContactName,Email,Phone,Address,City,State,ZipCode) VALUES (32, 'Eastport Art Co.', 'Jamie Hughes', 'eastportartco@example.com', '202-555-1032', '132 Supply Way', 'Boston', 'MA', '20032');
INSERT INTO supplier (SupplierID,SupplierName,ContactName,Email,Phone,Address,City,State,ZipCode) VALUES (33, 'Canvas City', 'Emerson Chen', 'canvascity@example.com', '202-555-1033', '133 Supply Way', 'Newark', 'NJ', '20033');
INSERT INTO supplier (SupplierID,SupplierName,ContactName,Email,Phone,Address,City,State,ZipCode) VALUES (34, 'Primary Pigments', 'Morgan Wilson', 'primarypigments@example.com', '202-555-1034', '134 Supply Way', 'Wilmington', 'DE', '20034');
INSERT INTO supplier (SupplierID,SupplierName,ContactName,Email,Phone,Address,City,State,ZipCode) VALUES (35, 'Brush & Bristle', 'Logan Martin', 'brushandbristle@example.com', '202-555-1035', '135 Supply Way', 'Raleigh', 'NC', '20035');
INSERT INTO supplier (SupplierID,SupplierName,ContactName,Email,Phone,Address,City,State,ZipCode) VALUES (36, 'Palette Works', 'Drew Bell', 'paletteworks@example.com', '202-555-1036', '136 Supply Way', 'Boston', 'MA', '20036');
INSERT INTO supplier (SupplierID,SupplierName,ContactName,Email,Phone,Address,City,State,ZipCode) VALUES (37, 'Artistry Hub', 'Skyler Wilson', 'artistryhub@example.com', '202-555-1037', '137 Supply Way', 'Arlington', 'VA', '20037');
INSERT INTO supplier (SupplierID,SupplierName,ContactName,Email,Phone,Address,City,State,ZipCode) VALUES (38, 'Chromatic Co.', 'Hayden Hughes', 'chromaticco@example.com', '202-555-1038', '138 Supply Way', 'Baltimore', 'MD', '20038');
INSERT INTO supplier (SupplierID,SupplierName,ContactName,Email,Phone,Address,City,State,ZipCode) VALUES (39, 'EaselWorks', 'Sam Nguyen', 'easelworks@example.com', '202-555-1039', '139 Supply Way', 'Arlington', 'VA', '20039');
INSERT INTO supplier (SupplierID,SupplierName,ContactName,Email,Phone,Address,City,State,ZipCode) VALUES (40, 'Paper Mill Co.', 'Casey Sanchez', 'papermillco@example.com', '202-555-1040', '140 Supply Way', 'Raleigh', 'NC', '20040');
INSERT INTO supplier (SupplierID,SupplierName,ContactName,Email,Phone,Address,City,State,ZipCode) VALUES (41, 'Craft Core', 'Jordan Rivera', 'craftcore@example.com', '202-555-1041', '141 Supply Way', 'Boston', 'MA', '20041');
INSERT INTO supplier (SupplierID,SupplierName,ContactName,Email,Phone,Address,City,State,ZipCode) VALUES (42, 'Urban Artist Depot', 'Rowan Wright', 'urbanartistdepot@example.com', '202-555-1042', '142 Supply Way', 'Wilmington', 'DE', '20042');
INSERT INTO supplier (SupplierID,SupplierName,ContactName,Email,Phone,Address,City,State,ZipCode) VALUES (43, 'Studio Base', 'Riley Adams', 'studiobase@example.com', '202-555-1043', '143 Supply Way', 'Washington', 'DC', '20043');
INSERT INTO supplier (SupplierID,SupplierName,ContactName,Email,Phone,Address,City,State,ZipCode) VALUES (44, 'Grand Gallery Supply', 'Taylor Adams', 'grandgallerysupply@example.com', '202-555-1044', '144 Supply Way', 'Newark', 'NJ', '20044');
INSERT INTO supplier (SupplierID,SupplierName,ContactName,Email,Phone,Address,City,State,ZipCode) VALUES (45, 'ArtiCo', 'Harper Nguyen', 'artico@example.com', '202-555-1045', '145 Supply Way', 'Newark', 'NJ', '20045');
INSERT INTO supplier (SupplierID,SupplierName,ContactName,Email,Phone,Address,City,State,ZipCode) VALUES (46, 'Brushline', 'Drew Brown', 'brushline@example.com', '202-555-1046', '146 Supply Way', 'Hartford', 'CT', '20046');
INSERT INTO supplier (SupplierID,SupplierName,ContactName,Email,Phone,Address,City,State,ZipCode) VALUES (47, 'Colorway', 'Alex Martin', 'colorway@example.com', '202-555-1047', '147 Supply Way', 'Wilmington', 'DE', '20047');
INSERT INTO supplier (SupplierID,SupplierName,ContactName,Email,Phone,Address,City,State,ZipCode) VALUES (48, 'Canvas Bay', 'Casey Price', 'canvasbay@example.com', '202-555-1048', '148 Supply Way', 'Baltimore', 'MD', '20048');
INSERT INTO supplier (SupplierID,SupplierName,ContactName,Email,Phone,Address,City,State,ZipCode) VALUES (49, 'Design District Supply', 'Cameron Price', 'designdistrictsupply@example.com', '202-555-1049', '149 Supply Way', 'Raleigh', 'NC', '20049');
INSERT INTO supplier (SupplierID,SupplierName,ContactName,Email,Phone,Address,City,State,ZipCode) VALUES (50, 'Fine Arts Fulfillers', 'Jamie Chen', 'fineartsfulfillers@example.com', '202-555-1050', '150 Supply Way', 'New York', 'NY', '20050');

/* ===== CUSTOMER (50) ===== */
INSERT INTO customer (CustomerID,FirstName,LastName,BusinessName,Email,Phone,Address,City,State,ZipCode,JoinDate) VALUES (1001, 'Casey', 'Adams', 'Adams Atelier', 'casey.adams0@clientmail.com', '301-555-2000', '200 Market St', 'Washington', 'DC', '21000', '2024-05-11');
INSERT INTO customer (CustomerID,FirstName,LastName,BusinessName,Email,Phone,Address,City,State,ZipCode,JoinDate) VALUES (1002, 'Harper', 'Hughes', 'Hughes Art Supply', 'harper.hughes1@clientmail.com', '301-555-2001', '201 Market St', 'Baltimore', 'MD', '21001', '2023-01-14');
INSERT INTO customer (CustomerID,FirstName,LastName,BusinessName,Email,Phone,Address,City,State,ZipCode,JoinDate) VALUES (1003, 'Cameron', 'Wilson', 'Wilson Art Supply', 'cameron.wilson2@clientmail.com', '301-555-2002', '202 Market St', 'Philadelphia', 'PA', '21002', '2024-03-07');
INSERT INTO customer (CustomerID,FirstName,LastName,BusinessName,Email,Phone,Address,City,State,ZipCode,JoinDate) VALUES (1004, 'Jordan', 'Patel', 'Patel Workshop', 'jordan.patel3@clientmail.com', '301-555-2003', '203 Market St', 'Baltimore', 'MD', '21003', '2025-04-07');
INSERT INTO customer (CustomerID,FirstName,LastName,BusinessName,Email,Phone,Address,City,State,ZipCode,JoinDate) VALUES (1005, 'Logan', 'Chen', 'Chen Studios', 'logan.chen4@clientmail.com', '301-555-2004', '204 Market St', 'Hartford', 'CT', '21004', '2024-01-31');
INSERT INTO customer (CustomerID,FirstName,LastName,BusinessName,Email,Phone,Address,City,State,ZipCode,JoinDate) VALUES (1006, 'Casey', 'Martin', 'Martin Atelier', 'casey.martin5@clientmail.com', '301-555-2005', '205 Market St', 'Raleigh', 'NC', '21005', '2023-05-17');
INSERT INTO customer (CustomerID,FirstName,LastName,BusinessName,Email,Phone,Address,City,State,ZipCode,JoinDate) VALUES (1007, 'Jamie', 'Adams', 'Adams School District', 'jamie.adams6@clientmail.com', '301-555-2006', '206 Market St', 'Newark', 'NJ', '21006', '2023-03-29');
INSERT INTO customer (CustomerID,FirstName,LastName,BusinessName,Email,Phone,Address,City,State,ZipCode,JoinDate) VALUES (1008, 'Skyler', 'Wright', 'Wright Atelier', 'skyler.wright7@clientmail.com', '301-555-2007', '207 Market St', 'Hartford', 'CT', '21007', '2021-09-05');
INSERT INTO customer (CustomerID,FirstName,LastName,BusinessName,Email,Phone,Address,City,State,ZipCode,JoinDate) VALUES (1009, 'Avery', 'Wilson', 'Wilson Creative Co.', 'avery.wilson8@clientmail.com', '301-555-2008', '208 Market St', 'New York', 'NY', '21008', '2021-02-13');
INSERT INTO customer (CustomerID,FirstName,LastName,BusinessName,Email,Phone,Address,City,State,ZipCode,JoinDate) VALUES (1010, 'Peyton', 'Adams', 'Adams School District', 'peyton.adams9@clientmail.com', '301-555-2009', '209 Market St', 'Raleigh', 'NC', '21009', '2022-03-28');
INSERT INTO customer (CustomerID,FirstName,LastName,BusinessName,Email,Phone,Address,City,State,ZipCode,JoinDate) VALUES (1011, 'Alex', 'Patel', 'Patel Art Supply', 'alex.patel10@clientmail.com', '301-555-2010', '210 Market St', 'Philadelphia', 'PA', '21010', '2021-05-19');
INSERT INTO customer (CustomerID,FirstName,LastName,BusinessName,Email,Phone,Address,City,State,ZipCode,JoinDate) VALUES (1012, 'Sam', 'Turner', 'Turner Creative Co.', 'sam.turner11@clientmail.com', '301-555-2011', '211 Market St', 'Wilmington', 'DE', '21011', '2022-05-03');
INSERT INTO customer (CustomerID,FirstName,LastName,BusinessName,Email,Phone,Address,City,State,ZipCode,JoinDate) VALUES (1013, 'Riley', 'Hughes', 'Hughes School District', 'riley.hughes12@clientmail.com', '301-555-2012', '212 Market St', 'Wilmington', 'DE', '21012', '2021-09-28');
INSERT INTO customer (CustomerID,FirstName,LastName,BusinessName,Email,Phone,Address,City,State,ZipCode,JoinDate) VALUES (1014, 'Peyton', 'Bell', 'Bell Workshop', 'peyton.bell13@clientmail.com', '301-555-2013', '213 Market St', 'Philadelphia', 'PA', '21013', '2025-05-26');
INSERT INTO customer (CustomerID,FirstName,LastName,BusinessName,Email,Phone,Address,City,State,ZipCode,JoinDate) VALUES (1015, 'Finley', 'Sanchez', 'Sanchez School District', 'finley.sanchez14@clientmail.com', '301-555-2014', '214 Market St', 'Baltimore', 'MD', '21014', '2021-07-18');
INSERT INTO customer (CustomerID,FirstName,LastName,BusinessName,Email,Phone,Address,City,State,ZipCode,JoinDate) VALUES (1016, 'Drew', 'Bennett', 'Bennett Design House', 'drew.bennett15@clientmail.com', '301-555-2015', '215 Market St', 'Boston', 'MA', '21015', '2023-08-15');
INSERT INTO customer (CustomerID,FirstName,LastName,BusinessName,Email,Phone,Address,City,State,ZipCode,JoinDate) VALUES (1017, 'Sam', 'Nguyen', 'Nguyen Art Supply', 'sam.nguyen16@clientmail.com', '301-555-2016', '216 Market St', 'Boston', 'MA', '21016', '2025-01-31');
INSERT INTO customer (CustomerID,FirstName,LastName,BusinessName,Email,Phone,Address,City,State,ZipCode,JoinDate) VALUES (1018, 'Harper', 'Nguyen', 'Nguyen School District', 'harper.nguyen17@clientmail.com', '301-555-2017', '217 Market St', 'Philadelphia', 'PA', '21017', '2022-01-25');
INSERT INTO customer (CustomerID,FirstName,LastName,BusinessName,Email,Phone,Address,City,State,ZipCode,JoinDate) VALUES (1019, 'Logan', 'Wright', 'Wright Studios', 'logan.wright18@clientmail.com', '301-555-2018', '218 Market St', 'Boston', 'MA', '21018', '2022-01-11');
INSERT INTO customer (CustomerID,FirstName,LastName,BusinessName,Email,Phone,Address,City,State,ZipCode,JoinDate) VALUES (1020, 'Riley', 'Wright', 'Wright School District', 'riley.wright19@clientmail.com', '301-555-2019', '219 Market St', 'Baltimore', 'MD', '21019', '2023-06-27');
INSERT INTO customer (CustomerID,FirstName,LastName,BusinessName,Email,Phone,Address,City,State,ZipCode,JoinDate) VALUES (1021, 'Logan', 'Nguyen', 'Nguyen Art Supply', 'logan.nguyen20@clientmail.com', '301-555-2020', '220 Market St', 'Wilmington', 'DE', '21020', '2021-01-31');
INSERT INTO customer (CustomerID,FirstName,LastName,BusinessName,Email,Phone,Address,City,State,ZipCode,JoinDate) VALUES (1022, 'Jordan', 'Wilson', 'Wilson Studios', 'jordan.wilson21@clientmail.com', '301-555-2021', '221 Market St', 'Boston', 'MA', '21021', '2023-09-22');
INSERT INTO customer (CustomerID,FirstName,LastName,BusinessName,Email,Phone,Address,City,State,ZipCode,JoinDate) VALUES (1023, 'Finley', 'Davis', 'Davis Design House', 'finley.davis22@clientmail.com', '301-555-2022', '222 Market St', 'Washington', 'DC', '21022', '2021-12-04');
INSERT INTO customer (CustomerID,FirstName,LastName,BusinessName,Email,Phone,Address,City,State,ZipCode,JoinDate) VALUES (1024, 'Quinn', 'Lee', 'Lee Design House', 'quinn.lee23@clientmail.com', '301-555-2023', '223 Market St', 'Newark', 'NJ', '21023', '2025-05-25');
INSERT INTO customer (CustomerID,FirstName,LastName,BusinessName,Email,Phone,Address,City,State,ZipCode,JoinDate) VALUES (1025, 'Emerson', 'Clark', 'Clark Design House', 'emerson.clark24@clientmail.com', '301-555-2024', '224 Market St', 'Wilmington', 'DE', '21024', '2024-09-17');
INSERT INTO customer (CustomerID,FirstName,LastName,BusinessName,Email,Phone,Address,City,State,ZipCode,JoinDate) VALUES (1026, 'Finley', 'Chen', 'Chen School District', 'finley.chen25@clientmail.com', '301-555-2025', '225 Market St', 'Newark', 'NJ', '21025', '2022-03-22');
INSERT INTO customer (CustomerID,FirstName,LastName,BusinessName,Email,Phone,Address,City,State,ZipCode,JoinDate) VALUES (1027, 'Sam', 'Bell', 'Bell Atelier', 'sam.bell26@clientmail.com', '301-555-2026', '226 Market St', 'Washington', 'DC', '21026', '2025-03-12');
INSERT INTO customer (CustomerID,FirstName,LastName,BusinessName,Email,Phone,Address,City,State,ZipCode,JoinDate) VALUES (1028, 'Harper', 'Garcia', 'Garcia Art Supply', 'harper.garcia27@clientmail.com', '301-555-2027', '227 Market St', 'Raleigh', 'NC', '21027', '2023-09-04');
INSERT INTO customer (CustomerID,FirstName,LastName,BusinessName,Email,Phone,Address,City,State,ZipCode,JoinDate) VALUES (1029, 'Hayden', 'Price', 'Price Studios', 'hayden.price28@clientmail.com', '301-555-2028', '228 Market St', 'Washington', 'DC', '21028', '2023-11-07');
INSERT INTO customer (CustomerID,FirstName,LastName,BusinessName,Email,Phone,Address,City,State,ZipCode,JoinDate) VALUES (1030, 'Jordan', 'Brown', 'Brown Creative Co.', 'jordan.brown29@clientmail.com', '301-555-2029', '229 Market St', 'Raleigh', 'NC', '21029', '2021-05-20');
INSERT INTO customer (CustomerID,FirstName,LastName,BusinessName,Email,Phone,Address,City,State,ZipCode,JoinDate) VALUES (1031, 'Avery', 'Rivera', 'Rivera Creative Co.', 'avery.rivera30@clientmail.com', '301-555-2030', '230 Market St', 'Raleigh', 'NC', '21030', '2022-05-20');
INSERT INTO customer (CustomerID,FirstName,LastName,BusinessName,Email,Phone,Address,City,State,ZipCode,JoinDate) VALUES (1032, 'Peyton', 'Cruz', 'Cruz Art Supply', 'peyton.cruz31@clientmail.com', '301-555-2031', '231 Market St', 'Raleigh', 'NC', '21031', '2021-06-17');
INSERT INTO customer (CustomerID,FirstName,LastName,BusinessName,Email,Phone,Address,City,State,ZipCode,JoinDate) VALUES (1033, 'Drew', 'Bell', 'Bell Gallery', 'drew.bell32@clientmail.com', '301-555-2032', '232 Market St', 'Wilmington', 'DE', '21032', '2022-10-10');
INSERT INTO customer (CustomerID,FirstName,LastName,BusinessName,Email,Phone,Address,City,State,ZipCode,JoinDate) VALUES (1034, 'Riley', 'Davis', 'Davis Crafts', 'riley.davis33@clientmail.com', '301-555-2033', '233 Market St', 'Philadelphia', 'PA', '21033', '2022-06-28');
INSERT INTO customer (CustomerID,FirstName,LastName,BusinessName,Email,Phone,Address,City,State,ZipCode,JoinDate) VALUES (1035, 'Quinn', 'Chen', 'Chen Fine Arts', 'quinn.chen34@clientmail.com', '301-555-2034', '234 Market St', 'Hartford', 'CT', '21034', '2022-10-10');
INSERT INTO customer (CustomerID,FirstName,LastName,BusinessName,Email,Phone,Address,City,State,ZipCode,JoinDate) VALUES (1036, 'Jordan', 'Lee', 'Lee Workshop', 'jordan.lee35@clientmail.com', '301-555-2035', '235 Market St', 'Raleigh', 'NC', '21035', '2024-02-28');
INSERT INTO customer (CustomerID,FirstName,LastName,BusinessName,Email,Phone,Address,City,State,ZipCode,JoinDate) VALUES (1037, 'Taylor', 'Patel', 'Patel Atelier', 'taylor.patel36@clientmail.com', '301-555-2036', '236 Market St', 'Philadelphia', 'PA', '21036', '2023-11-03');
INSERT INTO customer (CustomerID,FirstName,LastName,BusinessName,Email,Phone,Address,City,State,ZipCode,JoinDate) VALUES (1038, 'Riley', 'Chen', 'Chen Crafts', 'riley.chen37@clientmail.com', '301-555-2037', '237 Market St', 'Baltimore', 'MD', '21037', '2022-05-16');
INSERT INTO customer (CustomerID,FirstName,LastName,BusinessName,Email,Phone,Address,City,State,ZipCode,JoinDate) VALUES (1039, 'Skyler', 'Clark', 'Clark Studios', 'skyler.clark38@clientmail.com', '301-555-2038', '238 Market St', 'Hartford', 'CT', '21038', '2024-01-18');
INSERT INTO customer (CustomerID,FirstName,LastName,BusinessName,Email,Phone,Address,City,State,ZipCode,JoinDate) VALUES (1040, 'Cameron', 'Cruz', 'Cruz Atelier', 'cameron.cruz39@clientmail.com', '301-555-2039', '239 Market St', 'Washington', 'DC', '21039', '2024-09-29');
INSERT INTO customer (CustomerID,FirstName,LastName,BusinessName,Email,Phone,Address,City,State,ZipCode,JoinDate) VALUES (1041, 'Logan', 'Clark', 'Clark Creative Co.', 'logan.clark40@clientmail.com', '301-555-2040', '240 Market St', 'Arlington', 'VA', '21040', '2022-06-26');
INSERT INTO customer (CustomerID,FirstName,LastName,BusinessName,Email,Phone,Address,City,State,ZipCode,JoinDate) VALUES (1042, 'Taylor', 'Nguyen', 'Nguyen Atelier', 'taylor.nguyen41@clientmail.com', '301-555-2041', '241 Market St', 'Arlington', 'VA', '21041', '2022-07-12');
INSERT INTO customer (CustomerID,FirstName,LastName,BusinessName,Email,Phone,Address,City,State,ZipCode,JoinDate) VALUES (1043, 'Cameron', 'Cruz', 'Cruz School District', 'cameron.cruz42@clientmail.com', '301-555-2042', '242 Market St', 'New York', 'NY', '21042', '2022-02-21');
INSERT INTO customer (CustomerID,FirstName,LastName,BusinessName,Email,Phone,Address,City,State,ZipCode,JoinDate) VALUES (1044, 'Riley', 'Price', 'Price Workshop', 'riley.price43@clientmail.com', '301-555-2043', '243 Market St', 'Newark', 'NJ', '21043', '2021-04-15');
INSERT INTO customer (CustomerID,FirstName,LastName,BusinessName,Email,Phone,Address,City,State,ZipCode,JoinDate) VALUES (1045, 'Jordan', 'Sanchez', 'Sanchez Fine Arts', 'jordan.sanchez44@clientmail.com', '301-555-2044', '244 Market St', 'Washington', 'DC', '21044', '2021-01-08');
INSERT INTO customer (CustomerID,FirstName,LastName,BusinessName,Email,Phone,Address,City,State,ZipCode,JoinDate) VALUES (1046, 'Harper', 'Chen', 'Chen Fine Arts', 'harper.chen45@clientmail.com', '301-555-2045', '245 Market St', 'Arlington', 'VA', '21045', '2025-02-27');
INSERT INTO customer (CustomerID,FirstName,LastName,BusinessName,Email,Phone,Address,City,State,ZipCode,JoinDate) VALUES (1047, 'Emerson', 'Adams', 'Adams Design House', 'emerson.adams46@clientmail.com', '301-555-2046', '246 Market St', 'Wilmington', 'DE', '21046', '2021-01-20');
INSERT INTO customer (CustomerID,FirstName,LastName,BusinessName,Email,Phone,Address,City,State,ZipCode,JoinDate) VALUES (1048, 'Taylor', 'Patel', 'Patel Studios', 'taylor.patel47@clientmail.com', '301-555-2047', '247 Market St', 'Wilmington', 'DE', '21047', '2021-03-15');
INSERT INTO customer (CustomerID,FirstName,LastName,BusinessName,Email,Phone,Address,City,State,ZipCode,JoinDate) VALUES (1049, 'Skyler', 'Bell', 'Bell Atelier', 'skyler.bell48@clientmail.com', '301-555-2048', '248 Market St', 'Arlington', 'VA', '21048', '2023-05-31');
INSERT INTO customer (CustomerID,FirstName,LastName,BusinessName,Email,Phone,Address,City,State,ZipCode,JoinDate) VALUES (1050, 'Morgan', 'Garcia', 'Garcia Fine Arts', 'morgan.garcia49@clientmail.com', '301-555-2049', '249 Market St', 'New York', 'NY', '21049', '2025-06-19');

/* ===== PRODUCT (50) ===== */
INSERT INTO product (ProductID,ProductName,Description,SupplierID,UnitPrice,QuantityOnHand,ReorderLevel) VALUES (2001, 'Synthetic Brush Set (10pc)', 'Quality art supply item', 1, 116.79, 0, 20);
INSERT INTO product (ProductID,ProductName,Description,SupplierID,UnitPrice,QuantityOnHand,ReorderLevel) VALUES (2002, 'Natural Bristle Brush (6pc)', 'Quality art supply item', 2, 28.76, 1, 40);
INSERT INTO product (ProductID,ProductName,Description,SupplierID,UnitPrice,QuantityOnHand,ReorderLevel) VALUES (2003, 'Professional Watercolor (24)', 'Quality art supply item', 3, 16.37, 4, 25);
INSERT INTO product (ProductID,ProductName,Description,SupplierID,UnitPrice,QuantityOnHand,ReorderLevel) VALUES (2004, 'Student Watercolor (12)', 'Quality art supply item', 4, 116.98, 5, 15);
INSERT INTO product (ProductID,ProductName,Description,SupplierID,UnitPrice,QuantityOnHand,ReorderLevel) VALUES (2005, 'Acrylic Paint (12x75ml)', 'Quality art supply item', 5, 111.43, 1, 15);
INSERT INTO product (ProductID,ProductName,Description,SupplierID,UnitPrice,QuantityOnHand,ReorderLevel) VALUES (2006, 'Oil Paint (12x50ml)', 'Quality art supply item', 6, 117.25, 1, 25);
INSERT INTO product (ProductID,ProductName,Description,SupplierID,UnitPrice,QuantityOnHand,ReorderLevel) VALUES (2007, 'Gesso Primer (1L)', 'Quality art supply item', 7, 7.36, 5, 20);
INSERT INTO product (ProductID,ProductName,Description,SupplierID,UnitPrice,QuantityOnHand,ReorderLevel) VALUES (2008, 'Canvas Panel 8x10 (5pk)', 'Quality art supply item', 8, 94.87, 3, 40);
INSERT INTO product (ProductID,ProductName,Description,SupplierID,UnitPrice,QuantityOnHand,ReorderLevel) VALUES (2009, 'Canvas Panel 16x20 (2pk)', 'Quality art supply item', 9, 104.30, 182, 20);
INSERT INTO product (ProductID,ProductName,Description,SupplierID,UnitPrice,QuantityOnHand,ReorderLevel) VALUES (2010, 'Stretched Canvas 18x24', 'Quality art supply item', 10, 22.89, 164, 25);
INSERT INTO product (ProductID,ProductName,Description,SupplierID,UnitPrice,QuantityOnHand,ReorderLevel) VALUES (2011, 'Mixed Media Pad 9x12', 'Quality art supply item', 11, 105.24, 211, 15);
INSERT INTO product (ProductID,ProductName,Description,SupplierID,UnitPrice,QuantityOnHand,ReorderLevel) VALUES (2012, 'Watercolor Paper 140lb (20s)', 'Quality art supply item', 12, 27.55, 209, 20);
INSERT INTO product (ProductID,ProductName,Description,SupplierID,UnitPrice,QuantityOnHand,ReorderLevel) VALUES (2013, 'Sketchbook A4 100 sheets', 'Quality art supply item', 13, 39.75, 180, 15);
INSERT INTO product (ProductID,ProductName,Description,SupplierID,UnitPrice,QuantityOnHand,ReorderLevel) VALUES (2014, 'Charcoal Pencils (12)', 'Quality art supply item', 14, 7.23, 175, 25);
INSERT INTO product (ProductID,ProductName,Description,SupplierID,UnitPrice,QuantityOnHand,ReorderLevel) VALUES (2015, 'Graphite Pencils (12)', 'Quality art supply item', 15, 42.41, 159, 20);
INSERT INTO product (ProductID,ProductName,Description,SupplierID,UnitPrice,QuantityOnHand,ReorderLevel) VALUES (2016, 'Colored Pencils (24)', 'Quality art supply item', 16, 45.06, 216, 25);
INSERT INTO product (ProductID,ProductName,Description,SupplierID,UnitPrice,QuantityOnHand,ReorderLevel) VALUES (2017, 'Easel Tabletop', 'Quality art supply item', 17, 82.98, 219, 20);
INSERT INTO product (ProductID,ProductName,Description,SupplierID,UnitPrice,QuantityOnHand,ReorderLevel) VALUES (2018, 'Easel Studio', 'Quality art supply item', 18, 112.98, 165, 20);
INSERT INTO product (ProductID,ProductName,Description,SupplierID,UnitPrice,QuantityOnHand,ReorderLevel) VALUES (2019, 'Palette Knives (5pc)', 'Quality art supply item', 19, 25.12, 53, 10);
INSERT INTO product (ProductID,ProductName,Description,SupplierID,UnitPrice,QuantityOnHand,ReorderLevel) VALUES (2020, 'Plastic Palette (2pc)', 'Quality art supply item', 20, 17.02, 75, 20);
INSERT INTO product (ProductID,ProductName,Description,SupplierID,UnitPrice,QuantityOnHand,ReorderLevel) VALUES (2021, 'Metal Palette', 'Quality art supply item', 21, 88.65, 60, 25);
INSERT INTO product (ProductID,ProductName,Description,SupplierID,UnitPrice,QuantityOnHand,ReorderLevel) VALUES (2022, 'Fixative Spray (300ml)', 'Quality art supply item', 22, 74.52, 85, 10);
INSERT INTO product (ProductID,ProductName,Description,SupplierID,UnitPrice,QuantityOnHand,ReorderLevel) VALUES (2023, 'Masking Tape 1in', 'Quality art supply item', 23, 48.99, 93, 15);
INSERT INTO product (ProductID,ProductName,Description,SupplierID,UnitPrice,QuantityOnHand,ReorderLevel) VALUES (2024, 'Craft Knife Set', 'Quality art supply item', 24, 33.92, 110, 25);
INSERT INTO product (ProductID,ProductName,Description,SupplierID,UnitPrice,QuantityOnHand,ReorderLevel) VALUES (2025, 'Cutting Mat A3', 'Quality art supply item', 25, 4.70, 88, 40);
INSERT INTO product (ProductID,ProductName,Description,SupplierID,UnitPrice,QuantityOnHand,ReorderLevel) VALUES (2026, 'Glue Gun Mini', 'Quality art supply item', 26, 87.59, 114, 40);
INSERT INTO product (ProductID,ProductName,Description,SupplierID,UnitPrice,QuantityOnHand,ReorderLevel) VALUES (2027, 'Hot Glue Sticks (50)', 'Quality art supply item', 27, 81.96, 66, 25);
INSERT INTO product (ProductID,ProductName,Description,SupplierID,UnitPrice,QuantityOnHand,ReorderLevel) VALUES (2028, 'Air-Dry Clay (2lb)', 'Quality art supply item', 28, 12.58, 105, 20);
INSERT INTO product (ProductID,ProductName,Description,SupplierID,UnitPrice,QuantityOnHand,ReorderLevel) VALUES (2029, 'Modeling Tools (6pc)', 'Quality art supply item', 29, 76.47, 104, 10);
INSERT INTO product (ProductID,ProductName,Description,SupplierID,UnitPrice,QuantityOnHand,ReorderLevel) VALUES (2030, 'Varnish Gloss (250ml)', 'Quality art supply item', 30, 87.63, 58, 30);
INSERT INTO product (ProductID,ProductName,Description,SupplierID,UnitPrice,QuantityOnHand,ReorderLevel) VALUES (2031, 'Varnish Matte (250ml)', 'Quality art supply item', 31, 40.22, 72, 20);
INSERT INTO product (ProductID,ProductName,Description,SupplierID,UnitPrice,QuantityOnHand,ReorderLevel) VALUES (2032, 'Gouache Set (24)', 'Quality art supply item', 32, 50.98, 57, 30);
INSERT INTO product (ProductID,ProductName,Description,SupplierID,UnitPrice,QuantityOnHand,ReorderLevel) VALUES (2033, 'Ink Bottles (6x30ml)', 'Quality art supply item', 33, 19.20, 73, 40);
INSERT INTO product (ProductID,ProductName,Description,SupplierID,UnitPrice,QuantityOnHand,ReorderLevel) VALUES (2034, 'Marker Set (24)', 'Quality art supply item', 34, 113.11, 106, 40);
INSERT INTO product (ProductID,ProductName,Description,SupplierID,UnitPrice,QuantityOnHand,ReorderLevel) VALUES (2035, 'Alcohol Markers (36)', 'Quality art supply item', 35, 108.77, 98, 30);
INSERT INTO product (ProductID,ProductName,Description,SupplierID,UnitPrice,QuantityOnHand,ReorderLevel) VALUES (2036, 'Pastels Oil (24)', 'Quality art supply item', 36, 39.26, 90, 10);
INSERT INTO product (ProductID,ProductName,Description,SupplierID,UnitPrice,QuantityOnHand,ReorderLevel) VALUES (2037, 'Pastels Soft (24)', 'Quality art supply item', 37, 39.60, 46, 25);
INSERT INTO product (ProductID,ProductName,Description,SupplierID,UnitPrice,QuantityOnHand,ReorderLevel) VALUES (2038, 'Crayons Jumbo (24)', 'Quality art supply item', 38, 95.26, 97, 40);
INSERT INTO product (ProductID,ProductName,Description,SupplierID,UnitPrice,QuantityOnHand,ReorderLevel) VALUES (2039, 'Kids Tempera (6x500ml)', 'Quality art supply item', 39, 41.72, 76, 25);
INSERT INTO product (ProductID,ProductName,Description,SupplierID,UnitPrice,QuantityOnHand,ReorderLevel) VALUES (2040, 'Brush Cleaner (250ml)', 'Quality art supply item', 40, 82.53, 85, 25);
INSERT INTO product (ProductID,ProductName,Description,SupplierID,UnitPrice,QuantityOnHand,ReorderLevel) VALUES (2041, 'Solvent Odorless (1L)', 'Quality art supply item', 41, 96.18, 114, 15);
INSERT INTO product (ProductID,ProductName,Description,SupplierID,UnitPrice,QuantityOnHand,ReorderLevel) VALUES (2042, 'Binder Clips (large)', 'Quality art supply item', 42, 80.60, 56, 30);
INSERT INTO product (ProductID,ProductName,Description,SupplierID,UnitPrice,QuantityOnHand,ReorderLevel) VALUES (2043, 'Ruler Metal 18in', 'Quality art supply item', 43, 81.18, 99, 20);
INSERT INTO product (ProductID,ProductName,Description,SupplierID,UnitPrice,QuantityOnHand,ReorderLevel) VALUES (2044, 'T-Square 24in', 'Quality art supply item', 44, 15.29, 116, 15);
INSERT INTO product (ProductID,ProductName,Description,SupplierID,UnitPrice,QuantityOnHand,ReorderLevel) VALUES (2045, 'Drawing Table Lamp', 'Quality art supply item', 45, 82.21, 48, 15);
INSERT INTO product (ProductID,ProductName,Description,SupplierID,UnitPrice,QuantityOnHand,ReorderLevel) VALUES (2046, 'Tracing Paper Roll', 'Quality art supply item', 46, 21.52, 25, 15);
INSERT INTO product (ProductID,ProductName,Description,SupplierID,UnitPrice,QuantityOnHand,ReorderLevel) VALUES (2047, 'Light Box A4', 'Quality art supply item', 47, 118.14, 98, 10);
INSERT INTO product (ProductID,ProductName,Description,SupplierID,UnitPrice,QuantityOnHand,ReorderLevel) VALUES (2048, 'Calligraphy Set (12 nibs)', 'Quality art supply item', 48, 57.10, 100, 30);
INSERT INTO product (ProductID,ProductName,Description,SupplierID,UnitPrice,QuantityOnHand,ReorderLevel) VALUES (2049, 'Canvas Roll 60in', 'Quality art supply item', 49, 26.96, 109, 25);
INSERT INTO product (ProductID,ProductName,Description,SupplierID,UnitPrice,QuantityOnHand,ReorderLevel) VALUES (2050, 'Drawing Table', 'Quality art supply item', 50, 61.60, 51, 15);

/* ===== WHOUSE (50) ===== */
INSERT INTO whouse (WarehouseID,ProductID,LocationCode,QuantityStored,LastRestocked) VALUES (3001, 2001, 'A01', 2, '2025-08-17');
INSERT INTO whouse (WarehouseID,ProductID,LocationCode,QuantityStored,LastRestocked) VALUES (3002, 2002, 'A02', 54, '2025-07-19');
INSERT INTO whouse (WarehouseID,ProductID,LocationCode,QuantityStored,LastRestocked) VALUES (3003, 2003, 'A03', 217, '2025-02-26');
INSERT INTO whouse (WarehouseID,ProductID,LocationCode,QuantityStored,LastRestocked) VALUES (3004, 2004, 'A04', 90, '2025-07-25');
INSERT INTO whouse (WarehouseID,ProductID,LocationCode,QuantityStored,LastRestocked) VALUES (3005, 2005, 'A05', 265, '2025-04-29');
INSERT INTO whouse (WarehouseID,ProductID,LocationCode,QuantityStored,LastRestocked) VALUES (3006, 2006, 'A06', 25, '2025-05-23');
INSERT INTO whouse (WarehouseID,ProductID,LocationCode,QuantityStored,LastRestocked) VALUES (3007, 2007, 'A07', 127, '2025-08-23');
INSERT INTO whouse (WarehouseID,ProductID,LocationCode,QuantityStored,LastRestocked) VALUES (3008, 2008, 'A08', 62, '2025-04-27');
INSERT INTO whouse (WarehouseID,ProductID,LocationCode,QuantityStored,LastRestocked) VALUES (3009, 2009, 'A09', 68, '2025-07-25');
INSERT INTO whouse (WarehouseID,ProductID,LocationCode,QuantityStored,LastRestocked) VALUES (3010, 2010, 'A10', 237, '2025-06-20');
INSERT INTO whouse (WarehouseID,ProductID,LocationCode,QuantityStored,LastRestocked) VALUES (3011, 2011, 'B01', 271, '2025-05-24');
INSERT INTO whouse (WarehouseID,ProductID,LocationCode,QuantityStored,LastRestocked) VALUES (3012, 2012, 'B02', 162, '2025-07-13');
INSERT INTO whouse (WarehouseID,ProductID,LocationCode,QuantityStored,LastRestocked) VALUES (3013, 2013, 'B03', 226, '2025-06-06');
INSERT INTO whouse (WarehouseID,ProductID,LocationCode,QuantityStored,LastRestocked) VALUES (3014, 2014, 'B04', 258, '2025-04-20');
INSERT INTO whouse (WarehouseID,ProductID,LocationCode,QuantityStored,LastRestocked) VALUES (3015, 2015, 'B05', 280, '2025-04-25');
INSERT INTO whouse (WarehouseID,ProductID,LocationCode,QuantityStored,LastRestocked) VALUES (3016, 2016, 'B06', 81, '2025-07-10');
INSERT INTO whouse (WarehouseID,ProductID,LocationCode,QuantityStored,LastRestocked) VALUES (3017, 2017, 'B07', 243, '2025-04-26');
INSERT INTO whouse (WarehouseID,ProductID,LocationCode,QuantityStored,LastRestocked) VALUES (3018, 2018, 'B08', 132, '2025-07-12');
INSERT INTO whouse (WarehouseID,ProductID,LocationCode,QuantityStored,LastRestocked) VALUES (3019, 2019, 'B09', 126, '2025-08-04');
INSERT INTO whouse (WarehouseID,ProductID,LocationCode,QuantityStored,LastRestocked) VALUES (3020, 2020, 'B10', 141, '2025-07-16');
INSERT INTO whouse (WarehouseID,ProductID,LocationCode,QuantityStored,LastRestocked) VALUES (3021, 2021, 'C01', 266, '2025-05-05');
INSERT INTO whouse (WarehouseID,ProductID,LocationCode,QuantityStored,LastRestocked) VALUES (3022, 2022, 'C02', 122, '2025-03-12');
INSERT INTO whouse (WarehouseID,ProductID,LocationCode,QuantityStored,LastRestocked) VALUES (3023, 2023, 'C03', 225, '2025-01-20');
INSERT INTO whouse (WarehouseID,ProductID,LocationCode,QuantityStored,LastRestocked) VALUES (3024, 2024, 'C04', 146, '2025-03-02');
INSERT INTO whouse (WarehouseID,ProductID,LocationCode,QuantityStored,LastRestocked) VALUES (3025, 2025, 'C05', 139, '2025-03-27');
INSERT INTO whouse (WarehouseID,ProductID,LocationCode,QuantityStored,LastRestocked) VALUES (3026, 2026, 'C06', 163, '2025-08-17');
INSERT INTO whouse (WarehouseID,ProductID,LocationCode,QuantityStored,LastRestocked) VALUES (3027, 2027, 'C07', 276, '2025-01-21');
INSERT INTO whouse (WarehouseID,ProductID,LocationCode,QuantityStored,LastRestocked) VALUES (3028, 2028, 'C08', 70, '2025-02-08');
INSERT INTO whouse (WarehouseID,ProductID,LocationCode,QuantityStored,LastRestocked) VALUES (3029, 2029, 'C09', 118, '2025-04-09');
INSERT INTO whouse (WarehouseID,ProductID,LocationCode,QuantityStored,LastRestocked) VALUES (3030, 2030, 'C10', 78, '2025-06-30');
INSERT INTO whouse (WarehouseID,ProductID,LocationCode,QuantityStored,LastRestocked) VALUES (3031, 2031, 'D01', 109, '2025-01-17');
INSERT INTO whouse (WarehouseID,ProductID,LocationCode,QuantityStored,LastRestocked) VALUES (3032, 2032, 'D02', 212, '2025-04-15');
INSERT INTO whouse (WarehouseID,ProductID,LocationCode,QuantityStored,LastRestocked) VALUES (3033, 2033, 'D03', 169, '2025-05-19');
INSERT INTO whouse (WarehouseID,ProductID,LocationCode,QuantityStored,LastRestocked) VALUES (3034, 2034, 'D04', 238, '2025-04-17');
INSERT INTO whouse (WarehouseID,ProductID,LocationCode,QuantityStored,LastRestocked) VALUES (3035, 2035, 'D05', 31, '2025-02-22');
INSERT INTO whouse (WarehouseID,ProductID,LocationCode,QuantityStored,LastRestocked) VALUES (3036, 2036, 'D06', 215, '2025-04-10');
INSERT INTO whouse (WarehouseID,ProductID,LocationCode,QuantityStored,LastRestocked) VALUES (3037, 2037, 'D07', 299, '2025-08-31');
INSERT INTO whouse (WarehouseID,ProductID,LocationCode,QuantityStored,LastRestocked) VALUES (3038, 2038, 'D08', 10, '2025-08-08');
INSERT INTO whouse (WarehouseID,ProductID,LocationCode,QuantityStored,LastRestocked) VALUES (3039, 2039, 'D09', 294, '2025-04-08');
INSERT INTO whouse (WarehouseID,ProductID,LocationCode,QuantityStored,LastRestocked) VALUES (3040, 2040, 'D10', 244, '2025-01-02');
INSERT INTO whouse (WarehouseID,ProductID,LocationCode,QuantityStored,LastRestocked) VALUES (3041, 2041, 'E01', 180, '2025-03-18');
INSERT INTO whouse (WarehouseID,ProductID,LocationCode,QuantityStored,LastRestocked) VALUES (3042, 2042, 'E02', 199, '2025-08-07');
INSERT INTO whouse (WarehouseID,ProductID,LocationCode,QuantityStored,LastRestocked) VALUES (3043, 2043, 'E03', 214, '2025-05-18');
INSERT INTO whouse (WarehouseID,ProductID,LocationCode,QuantityStored,LastRestocked) VALUES (3044, 2044, 'E04', 279, '2025-07-24');
INSERT INTO whouse (WarehouseID,ProductID,LocationCode,QuantityStored,LastRestocked) VALUES (3045, 2045, 'E05', 112, '2025-05-05');
INSERT INTO whouse (WarehouseID,ProductID,LocationCode,QuantityStored,LastRestocked) VALUES (3046, 2046, 'E06', 112, '2025-03-11');
INSERT INTO whouse (WarehouseID,ProductID,LocationCode,QuantityStored,LastRestocked) VALUES (3047, 2047, 'E07', 223, '2025-05-05');
INSERT INTO whouse (WarehouseID,ProductID,LocationCode,QuantityStored,LastRestocked) VALUES (3048, 2048, 'E08', 14, '2025-04-10');
INSERT INTO whouse (WarehouseID,ProductID,LocationCode,QuantityStored,LastRestocked) VALUES (3049, 2049, 'E09', 172, '2025-06-21');
INSERT INTO whouse (WarehouseID,ProductID,LocationCode,QuantityStored,LastRestocked) VALUES (3050, 2050, 'E10', 207, '2025-07-05');

/* ===== ORDERS (50) ===== */
INSERT INTO orders (OrderID,CustomerID,OrderDate,ShipDate,TotalAmount,Status) VALUES (4001, 1001, '2023-06-19', '2023-06-27', 205.31, 'SHIPPED');
INSERT INTO orders (OrderID,CustomerID,OrderDate,ShipDate,TotalAmount,Status) VALUES (4002, 1002, '2024-11-09', '2024-11-10', 86.71, 'SHIPPED');
INSERT INTO orders (OrderID,CustomerID,OrderDate,ShipDate,TotalAmount,Status) VALUES (4003, 1003, '2023-02-21', '2023-02-26', 236.65, 'CANCELLED');
INSERT INTO orders (OrderID,CustomerID,OrderDate,ShipDate,TotalAmount,Status) VALUES (4004, 1004, '2024-03-07', '2024-03-12', 404.42, 'PAID');
INSERT INTO orders (OrderID,CustomerID,OrderDate,ShipDate,TotalAmount,Status) VALUES (4005, 1005, '2025-08-30', '2025-09-03', 161.95, 'SHIPPED');
INSERT INTO orders (OrderID,CustomerID,OrderDate,ShipDate,TotalAmount,Status) VALUES (4006, 1006, '2023-04-28', '2023-05-08', 125.41, 'SHIPPED');
INSERT INTO orders (OrderID,CustomerID,OrderDate,ShipDate,TotalAmount,Status) VALUES (4007, 1007, '2025-02-04', '2025-02-06', 415.72, 'PAID');
INSERT INTO orders (OrderID,CustomerID,OrderDate,ShipDate,TotalAmount,Status) VALUES (4008, 1008, '2023-03-19', '2023-03-29', 401.49, 'SHIPPED');
INSERT INTO orders (OrderID,CustomerID,OrderDate,ShipDate,TotalAmount,Status) VALUES (4009, 1009, '2023-02-12', '2023-02-18', 319.08, 'SHIPPED');
INSERT INTO orders (OrderID,CustomerID,OrderDate,ShipDate,TotalAmount,Status) VALUES (4010, 1010, '2025-09-10', '2025-09-16', 348.11, 'PAID');
INSERT INTO orders (OrderID,CustomerID,OrderDate,ShipDate,TotalAmount,Status) VALUES (4011, 1011, '2025-03-04', '2025-03-12', 287.05, 'PENDING');
INSERT INTO orders (OrderID,CustomerID,OrderDate,ShipDate,TotalAmount,Status) VALUES (4012, 1012, '2025-06-21', '2025-06-29', 179.31, 'SHIPPED');
INSERT INTO orders (OrderID,CustomerID,OrderDate,ShipDate,TotalAmount,Status) VALUES (4013, 1013, '2024-05-21', '2024-05-27', 126.04, 'SHIPPED');
INSERT INTO orders (OrderID,CustomerID,OrderDate,ShipDate,TotalAmount,Status) VALUES (4014, 1014, '2024-09-02', '2024-09-07', 300.64, 'PAID');
INSERT INTO orders (OrderID,CustomerID,OrderDate,ShipDate,TotalAmount,Status) VALUES (4015, 1015, '2024-10-23', '2024-10-31', 226.33, 'SHIPPED');
INSERT INTO orders (OrderID,CustomerID,OrderDate,ShipDate,TotalAmount,Status) VALUES (4016, 1016, '2024-04-29', '2024-05-08', 300.18, 'SHIPPED');
INSERT INTO orders (OrderID,CustomerID,OrderDate,ShipDate,TotalAmount,Status) VALUES (4017, 1017, '2025-01-08', '2025-01-12', 176.17, 'SHIPPED');
INSERT INTO orders (OrderID,CustomerID,OrderDate,ShipDate,TotalAmount,Status) VALUES (4018, 1018, '2024-05-10', '2024-05-15', 405.01, 'SHIPPED');
INSERT INTO orders (OrderID,CustomerID,OrderDate,ShipDate,TotalAmount,Status) VALUES (4019, 1019, '2024-12-26', '2025-01-04', 168.12, 'PAID');
INSERT INTO orders (OrderID,CustomerID,OrderDate,ShipDate,TotalAmount,Status) VALUES (4020, 1020, '2023-05-10', '2023-05-18', 126.81, 'SHIPPED');
INSERT INTO orders (OrderID,CustomerID,OrderDate,ShipDate,TotalAmount,Status) VALUES (4021, 1021, '2024-03-27', '2024-04-02', 184.78, 'SHIPPED');
INSERT INTO orders (OrderID,CustomerID,OrderDate,ShipDate,TotalAmount,Status) VALUES (4022, 1022, '2023-03-08', '2023-03-15', 188.15, 'SHIPPED');
INSERT INTO orders (OrderID,CustomerID,OrderDate,ShipDate,TotalAmount,Status) VALUES (4023, 1023, '2023-09-12', '2023-09-14', 321.62, 'SHIPPED');
INSERT INTO orders (OrderID,CustomerID,OrderDate,ShipDate,TotalAmount,Status) VALUES (4024, 1024, '2025-05-30', '2025-06-09', 293.42, 'SHIPPED');
INSERT INTO orders (OrderID,CustomerID,OrderDate,ShipDate,TotalAmount,Status) VALUES (4025, 1025, '2023-08-05', '2023-08-10', 295.84, 'PENDING');
INSERT INTO orders (OrderID,CustomerID,OrderDate,ShipDate,TotalAmount,Status) VALUES (4026, 1026, '2023-10-23', '2023-10-28', 356.82, 'SHIPPED');
INSERT INTO orders (OrderID,CustomerID,OrderDate,ShipDate,TotalAmount,Status) VALUES (4027, 1027, '2023-04-28', '2023-05-07', 202.96, 'PENDING');
INSERT INTO orders (OrderID,CustomerID,OrderDate,ShipDate,TotalAmount,Status) VALUES (4028, 1028, '2023-06-19', '2023-06-24', 307.17, 'PAID');
INSERT INTO orders (OrderID,CustomerID,OrderDate,ShipDate,TotalAmount,Status) VALUES (4029, 1029, '2024-05-27', '2024-06-05', 295.81, 'PENDING');
INSERT INTO orders (OrderID,CustomerID,OrderDate,ShipDate,TotalAmount,Status) VALUES (4030, 1030, '2023-08-23', '2023-09-02', 341.32, 'SHIPPED');
INSERT INTO orders (OrderID,CustomerID,OrderDate,ShipDate,TotalAmount,Status) VALUES (4031, 1031, '2024-10-29', '2024-11-06', 193.60, 'PENDING');
INSERT INTO orders (OrderID,CustomerID,OrderDate,ShipDate,TotalAmount,Status) VALUES (4032, 1032, '2023-12-23', '2023-12-30', 139.89, 'SHIPPED');
INSERT INTO orders (OrderID,CustomerID,OrderDate,ShipDate,TotalAmount,Status) VALUES (4033, 1033, '2024-11-09', '2024-11-16', 382.96, 'PENDING');
INSERT INTO orders (OrderID,CustomerID,OrderDate,ShipDate,TotalAmount,Status) VALUES (4034, 1034, '2025-06-09', '2025-06-18', 240.67, 'PAID');
INSERT INTO orders (OrderID,CustomerID,OrderDate,ShipDate,TotalAmount,Status) VALUES (4035, 1035, '2023-07-28', '2023-08-02', 266.61, 'PAID');
INSERT INTO orders (OrderID,CustomerID,OrderDate,ShipDate,TotalAmount,Status) VALUES (4036, 1036, '2024-12-27', '2024-12-30', 211.31, 'PAID');
INSERT INTO orders (OrderID,CustomerID,OrderDate,ShipDate,TotalAmount,Status) VALUES (4037, 1037, '2024-04-17', '2024-04-19', 418.66, 'SHIPPED');
INSERT INTO orders (OrderID,CustomerID,OrderDate,ShipDate,TotalAmount,Status) VALUES (4038, 1038, '2024-07-18', '2024-07-21', 204.56, 'PAID');
INSERT INTO orders (OrderID,CustomerID,OrderDate,ShipDate,TotalAmount,Status) VALUES (4039, 1039, '2025-05-24', '2025-05-31', 232.72, 'SHIPPED');
INSERT INTO orders (OrderID,CustomerID,OrderDate,ShipDate,TotalAmount,Status) VALUES (4040, 1040, '2024-08-24', '2024-09-03', 324.36, 'SHIPPED');
INSERT INTO orders (OrderID,CustomerID,OrderDate,ShipDate,TotalAmount,Status) VALUES (4041, 1041, '2023-07-13', '2023-07-17', 321.26, 'SHIPPED');
INSERT INTO orders (OrderID,CustomerID,OrderDate,ShipDate,TotalAmount,Status) VALUES (4042, 1042, '2024-11-10', '2024-11-13', 249.33, 'PAID');
INSERT INTO orders (OrderID,CustomerID,OrderDate,ShipDate,TotalAmount,Status) VALUES (4043, 1043, '2023-04-13', '2023-04-22', 224.51, 'PAID');
INSERT INTO orders (OrderID,CustomerID,OrderDate,ShipDate,TotalAmount,Status) VALUES (4044, 1044, '2023-09-29', '2023-10-05', 377.16, 'SHIPPED');
INSERT INTO orders (OrderID,CustomerID,OrderDate,ShipDate,TotalAmount,Status) VALUES (4045, 1045, '2025-01-05', '2025-01-13', 379.67, 'PAID');
INSERT INTO orders (OrderID,CustomerID,OrderDate,ShipDate,TotalAmount,Status) VALUES (4046, 1046, '2024-12-21', '2024-12-23', 152.52, 'SHIPPED');
INSERT INTO orders (OrderID,CustomerID,OrderDate,ShipDate,TotalAmount,Status) VALUES (4047, 1047, '2024-03-17', '2024-03-20', 173.38, 'SHIPPED');
INSERT INTO orders (OrderID,CustomerID,OrderDate,ShipDate,TotalAmount,Status) VALUES (4048, 1048, '2023-03-22', '2023-04-01', 408.58, 'PAID');
INSERT INTO orders (OrderID,CustomerID,OrderDate,ShipDate,TotalAmount,Status) VALUES (4049, 1049, '2024-04-21', '2024-04-26', 410.29, 'SHIPPED');
INSERT INTO orders (OrderID,CustomerID,OrderDate,ShipDate,TotalAmount,Status) VALUES (4050, 1050, '2023-11-06', '2023-11-10', 219.77, 'PAID');

/* ===== ACCT (50) ===== */
INSERT INTO acct (AccountID,CustomerID,OrderID,AmountDue,AmountPaid,DueDate,PaymentStatus) VALUES (5001, 1001, 4001, 523.30, 523.30, '2023-03-09', 'PAID');
INSERT INTO acct (AccountID,CustomerID,OrderID,AmountDue,AmountPaid,DueDate,PaymentStatus) VALUES (5002, 1002, 4002, 951.71, 173.33, '2025-07-19', 'UNPAID');
INSERT INTO acct (AccountID,CustomerID,OrderID,AmountDue,AmountPaid,DueDate,PaymentStatus) VALUES (5003, 1003, 4003, 1012.78, 157.13, '2025-03-04', 'UNPAID');
INSERT INTO acct (AccountID,CustomerID,OrderID,AmountDue,AmountPaid,DueDate,PaymentStatus) VALUES (5004, 1004, 4004, 978.16, 978.16, '2023-10-08', 'PAID');
INSERT INTO acct (AccountID,CustomerID,OrderID,AmountDue,AmountPaid,DueDate,PaymentStatus) VALUES (5005, 1005, 4005, 360.70, 55.37, '2023-08-28', 'UNPAID');
INSERT INTO acct (AccountID,CustomerID,OrderID,AmountDue,AmountPaid,DueDate,PaymentStatus) VALUES (5006, 1006, 4006, 783.64, 101.30, '2024-12-13', 'UNPAID');
INSERT INTO acct (AccountID,CustomerID,OrderID,AmountDue,AmountPaid,DueDate,PaymentStatus) VALUES (5007, 1007, 4007, 117.37, 38.60, '2023-12-13', 'UNPAID');
INSERT INTO acct (AccountID,CustomerID,OrderID,AmountDue,AmountPaid,DueDate,PaymentStatus) VALUES (5008, 1008, 4008, 445.93, 165.21, '2025-08-19', 'UNPAID');
INSERT INTO acct (AccountID,CustomerID,OrderID,AmountDue,AmountPaid,DueDate,PaymentStatus) VALUES (5009, 1009, 4009, 1061.64, 585.05, '2025-04-30', 'UNPAID');
INSERT INTO acct (AccountID,CustomerID,OrderID,AmountDue,AmountPaid,DueDate,PaymentStatus) VALUES (5010, 1010, 4010, 367.81, 35.45, '2023-10-22', 'UNPAID');
INSERT INTO acct (AccountID,CustomerID,OrderID,AmountDue,AmountPaid,DueDate,PaymentStatus) VALUES (5011, 1011, 4011, 916.15, 292.35, '2025-05-05', 'UNPAID');
INSERT INTO acct (AccountID,CustomerID,OrderID,AmountDue,AmountPaid,DueDate,PaymentStatus) VALUES (5012, 1012, 4012, 924.65, 924.65, '2023-04-03', 'PAID');
INSERT INTO acct (AccountID,CustomerID,OrderID,AmountDue,AmountPaid,DueDate,PaymentStatus) VALUES (5013, 1013, 4013, 835.33, 632.72, '2025-01-07', 'UNPAID');
INSERT INTO acct (AccountID,CustomerID,OrderID,AmountDue,AmountPaid,DueDate,PaymentStatus) VALUES (5014, 1014, 4014, 181.14, 74.03, '2024-08-23', 'UNPAID');
INSERT INTO acct (AccountID,CustomerID,OrderID,AmountDue,AmountPaid,DueDate,PaymentStatus) VALUES (5015, 1015, 4015, 492.82, 25.84, '2023-06-06', 'UNPAID');
INSERT INTO acct (AccountID,CustomerID,OrderID,AmountDue,AmountPaid,DueDate,PaymentStatus) VALUES (5016, 1016, 4016, 1133.13, 1133.13, '2024-03-11', 'PAID');
INSERT INTO acct (AccountID,CustomerID,OrderID,AmountDue,AmountPaid,DueDate,PaymentStatus) VALUES (5017, 1017, 4017, 108.03, 12.13, '2023-09-27', 'UNPAID');
INSERT INTO acct (AccountID,CustomerID,OrderID,AmountDue,AmountPaid,DueDate,PaymentStatus) VALUES (5018, 1018, 4018, 327.93, 327.93, '2025-09-09', 'PAID');
INSERT INTO acct (AccountID,CustomerID,OrderID,AmountDue,AmountPaid,DueDate,PaymentStatus) VALUES (5019, 1019, 4019, 1098.51, 1098.51, '2025-05-23', 'PAID');
INSERT INTO acct (AccountID,CustomerID,OrderID,AmountDue,AmountPaid,DueDate,PaymentStatus) VALUES (5020, 1020, 4020, 236.55, 14.40, '2024-03-09', 'UNPAID');
INSERT INTO acct (AccountID,CustomerID,OrderID,AmountDue,AmountPaid,DueDate,PaymentStatus) VALUES (5021, 1021, 4021, 188.86, 5.12, '2024-06-03', 'UNPAID');
INSERT INTO acct (AccountID,CustomerID,OrderID,AmountDue,AmountPaid,DueDate,PaymentStatus) VALUES (5022, 1022, 4022, 830.94, 157.21, '2024-05-09', 'UNPAID');
INSERT INTO acct (AccountID,CustomerID,OrderID,AmountDue,AmountPaid,DueDate,PaymentStatus) VALUES (5023, 1023, 4023, 911.34, 911.34, '2024-04-19', 'PAID');
INSERT INTO acct (AccountID,CustomerID,OrderID,AmountDue,AmountPaid,DueDate,PaymentStatus) VALUES (5024, 1024, 4024, 190.90, 94.47, '2024-04-14', 'UNPAID');
INSERT INTO acct (AccountID,CustomerID,OrderID,AmountDue,AmountPaid,DueDate,PaymentStatus) VALUES (5025, 1025, 4025, 116.64, 60.19, '2025-10-01', 'UNPAID');
INSERT INTO acct (AccountID,CustomerID,OrderID,AmountDue,AmountPaid,DueDate,PaymentStatus) VALUES (5026, 1026, 4026, 1038.10, 1038.10, '2025-09-15', 'PAID');
INSERT INTO acct (AccountID,CustomerID,OrderID,AmountDue,AmountPaid,DueDate,PaymentStatus) VALUES (5027, 1027, 4027, 689.80, 49.48, '2025-01-02', 'UNPAID');
INSERT INTO acct (AccountID,CustomerID,OrderID,AmountDue,AmountPaid,DueDate,PaymentStatus) VALUES (5028, 1028, 4028, 292.59, 292.59, '2024-03-13', 'PAID');
INSERT INTO acct (AccountID,CustomerID,OrderID,AmountDue,AmountPaid,DueDate,PaymentStatus) VALUES (5029, 1029, 4029, 182.67, 182.67, '2025-06-17', 'PAID');
INSERT INTO acct (AccountID,CustomerID,OrderID,AmountDue,AmountPaid,DueDate,PaymentStatus) VALUES (5030, 1030, 4030, 1167.62, 1167.62, '2024-11-30', 'PAID');
INSERT INTO acct (AccountID,CustomerID,OrderID,AmountDue,AmountPaid,DueDate,PaymentStatus) VALUES (5031, 1031, 4031, 1187.48, 48.74, '2023-12-23', 'UNPAID');
INSERT INTO acct (AccountID,CustomerID,OrderID,AmountDue,AmountPaid,DueDate,PaymentStatus) VALUES (5032, 1032, 4032, 312.02, 312.02, '2025-06-13', 'PAID');
INSERT INTO acct (AccountID,CustomerID,OrderID,AmountDue,AmountPaid,DueDate,PaymentStatus) VALUES (5033, 1033, 4033, 447.99, 447.99, '2025-06-24', 'PAID');
INSERT INTO acct (AccountID,CustomerID,OrderID,AmountDue,AmountPaid,DueDate,PaymentStatus) VALUES (5034, 1034, 4034, 83.18, 2.41, '2025-08-25', 'UNPAID');
INSERT INTO acct (AccountID,CustomerID,OrderID,AmountDue,AmountPaid,DueDate,PaymentStatus) VALUES (5035, 1035, 4035, 360.73, 360.73, '2023-06-28', 'PAID');
INSERT INTO acct (AccountID,CustomerID,OrderID,AmountDue,AmountPaid,DueDate,PaymentStatus) VALUES (5036, 1036, 4036, 227.62, 164.58, '2024-11-22', 'UNPAID');
INSERT INTO acct (AccountID,CustomerID,OrderID,AmountDue,AmountPaid,DueDate,PaymentStatus) VALUES (5037, 1037, 4037, 97.67, 97.67, '2024-09-24', 'PAID');
INSERT INTO acct (AccountID,CustomerID,OrderID,AmountDue,AmountPaid,DueDate,PaymentStatus) VALUES (5038, 1038, 4038, 551.48, 551.48, '2023-06-24', 'PAID');
INSERT INTO acct (AccountID,CustomerID,OrderID,AmountDue,AmountPaid,DueDate,PaymentStatus) VALUES (5039, 1039, 4039, 582.07, 352.85, '2023-04-06', 'UNPAID');
INSERT INTO acct (AccountID,CustomerID,OrderID,AmountDue,AmountPaid,DueDate,PaymentStatus) VALUES (5040, 1040, 4040, 328.14, 47.73, '2024-05-22', 'UNPAID');
INSERT INTO acct (AccountID,CustomerID,OrderID,AmountDue,AmountPaid,DueDate,PaymentStatus) VALUES (5041, 1041, 4041, 664.03, 550.09, '2025-09-02', 'UNPAID');
INSERT INTO acct (AccountID,CustomerID,OrderID,AmountDue,AmountPaid,DueDate,PaymentStatus) VALUES (5042, 1042, 4042, 1028.97, 323.90, '2023-04-03', 'UNPAID');
INSERT INTO acct (AccountID,CustomerID,OrderID,AmountDue,AmountPaid,DueDate,PaymentStatus) VALUES (5043, 1043, 4043, 162.31, 162.31, '2025-01-29', 'PAID');
INSERT INTO acct (AccountID,CustomerID,OrderID,AmountDue,AmountPaid,DueDate,PaymentStatus) VALUES (5044, 1044, 4044, 153.56, 153.56, '2024-09-29', 'PAID');
INSERT INTO acct (AccountID,CustomerID,OrderID,AmountDue,AmountPaid,DueDate,PaymentStatus) VALUES (5045, 1045, 4045, 694.16, 694.16, '2024-11-24', 'PAID');
INSERT INTO acct (AccountID,CustomerID,OrderID,AmountDue,AmountPaid,DueDate,PaymentStatus) VALUES (5046, 1046, 4046, 410.29, 208.48, '2024-10-18', 'UNPAID');
INSERT INTO acct (AccountID,CustomerID,OrderID,AmountDue,AmountPaid,DueDate,PaymentStatus) VALUES (5047, 1047, 4047, 208.14, 36.54, '2025-05-07', 'UNPAID');
INSERT INTO acct (AccountID,CustomerID,OrderID,AmountDue,AmountPaid,DueDate,PaymentStatus) VALUES (5048, 1048, 4048, 1049.35, 821.49, '2024-09-01', 'UNPAID');
INSERT INTO acct (AccountID,CustomerID,OrderID,AmountDue,AmountPaid,DueDate,PaymentStatus) VALUES (5049, 1049, 4049, 1006.71, 692.38, '2024-03-29', 'UNPAID');
INSERT INTO acct (AccountID,CustomerID,OrderID,AmountDue,AmountPaid,DueDate,PaymentStatus) VALUES (5050, 1050, 4050, 430.03, 430.03, '2023-12-17', 'PAID');